N_Series,Series_ID,Horizon,MAE,RMSE
10,MT_001,96,0.763719958059378,1.182066753110058
10,MT_002,96,2.076384058237188,2.8019934119901397
10,MT_003,96,0.1569239015065527,0.44314712755681235
10,MT_004,96,10.451502126729885,13.288156412745339
10,MT_005,96,10.497521201769521,12.678935376003011
10,MT_006,96,17.987252980943726,22.999342639935758
10,MT_007,96,0.5489248130740777,0.7162939557889584
10,MT_008,96,17.490042444565223,21.033413714891047
10,MT_009,96,8.151290383650151,9.548305377727699
10,MT_010,96,3.8828103506009626,5.1325262362340025
50,MT_001,96,0.763719958059378,1.182066753110058
50,MT_002,96,2.076384058237188,2.8019934119901397
50,MT_003,96,0.1569239015065527,0.44314712755681235
50,MT_004,96,10.451502126729885,13.288156412745339
50,MT_005,96,10.497521201769521,12.678935376003011
50,MT_006,96,17.987252980943726,22.999342639935758
50,MT_007,96,0.5489248130740777,0.7162939557889584
50,MT_008,96,17.490042444565223,21.033413714891047
50,MT_009,96,8.151290383650151,9.548305377727699
50,MT_010,96,3.8828103506009626,5.1325262362340025
50,MT_011,96,3.646959022568396,4.734394847141579
50,MT_012,96,12.719548367439417,16.85315050692157
50,MT_013,96,11.47507671910535,15.778240633228265
50,MT_014,96,4.88145599230075,6.33477120848861
50,MT_015,96,4.8202634632751655,6.429150130453827
50,MT_016,96,2.4994514402604584,3.2760680664413195
50,MT_017,96,4.810091900268545,6.256780239355758
50,MT_018,96,33.050079362460934,47.09130925355678
50,MT_019,96,0.854645021297226,1.0940546967028155
50,MT_020,96,4.321218221110567,5.994065758668886
50,MT_021,96,13.74186039719905,17.520749418054745
50,MT_022,96,3.9093302225932973,5.307078735835751
50,MT_023,96,2.583906525252884,3.297686851179538
50,MT_024,96,4.398192893057911,5.847395925703161
50,MT_025,96,21.12948778113846,26.92368947434568
50,MT_026,96,2.7614003414824917,3.461405014820022
50,MT_027,96,2.0510763743641998,2.527457140874555
50,MT_028,96,7.075456915737001,9.075810673969364
50,MT_029,96,17.591949989441872,25.525726008291176
50,MT_030,96,5.4346901297919645,6.974616850324201
50,MT_031,96,8.913616724181578,11.845849737085723
50,MT_032,96,2.6364548923386204,3.350438292432059
50,MT_033,96,2.477121594752213,3.136329775200483
50,MT_034,96,2.123466570506109,2.7750805923132864
50,MT_035,96,11.902456534618649,19.549143583622257
50,MT_036,96,3.924390070785831,6.218593985529365
50,MT_037,96,6.1269887651188695,8.047914221032112
50,MT_038,96,10.539909717300159,13.524866600540534
50,MT_039,96,5.161589871132423,6.832184500318958
50,MT_040,96,7.188668157373159,9.592839723687804
50,MT_041,96,7.84837852463579,9.413473593514487
50,MT_042,96,4.123678609634138,5.405958562219726
50,MT_043,96,212.57619447419157,274.9658445947736
50,MT_044,96,3.857324484064384,5.161032717714817
50,MT_045,96,12.786094637086558,17.98180685520789
50,MT_046,96,13.159767640145532,16.494875908444047
50,MT_047,96,2.72596192612486,3.590245146159026
50,MT_048,96,1.7793350566094759,2.2289586906178007
50,MT_049,96,89.66080972422704,103.13482859343006
50,MT_050,96,20.687445462669185,26.954104211934318
370,MT_001,96,0.763719958059378,1.182066753110058
370,MT_002,96,2.076384058237188,2.8019934119901397
370,MT_003,96,0.1569239015065527,0.44314712755681235
370,MT_004,96,10.451502126729885,13.288156412745339
370,MT_005,96,10.497521201769521,12.678935376003011
370,MT_006,96,17.987252980943726,22.999342639935758
370,MT_007,96,0.5489248130740777,0.7162939557889584
370,MT_008,96,17.490042444565223,21.033413714891047
370,MT_009,96,8.151290383650151,9.548305377727699
370,MT_010,96,3.8828103506009626,5.1325262362340025
370,MT_011,96,3.646959022568396,4.734394847141579
370,MT_012,96,12.719548367439417,16.85315050692157
370,MT_013,96,11.47507671910535,15.778240633228265
370,MT_014,96,4.88145599230075,6.33477120848861
370,MT_015,96,4.8202634632751655,6.429150130453827
370,MT_016,96,2.4994514402604584,3.2760680664413195
370,MT_017,96,4.810091900268545,6.256780239355758
370,MT_018,96,33.050079362460934,47.09130925355678
370,MT_019,96,0.854645021297226,1.0940546967028155
370,MT_020,96,4.321218221110567,5.994065758668886
370,MT_021,96,13.74186039719905,17.520749418054745
370,MT_022,96,3.9093302225932973,5.307078735835751
370,MT_023,96,2.583906525252884,3.297686851179538
370,MT_024,96,4.398192893057911,5.847395925703161
370,MT_025,96,21.12948778113846,26.92368947434568
370,MT_026,96,2.7614003414824917,3.461405014820022
370,MT_027,96,2.0510763743641998,2.527457140874555
370,MT_028,96,7.075456915737001,9.075810673969364
370,MT_029,96,17.591949989441872,25.525726008291176
370,MT_030,96,5.4346901297919645,6.974616850324201
370,MT_031,96,8.913616724181578,11.845849737085723
370,MT_032,96,2.6364548923386204,3.350438292432059
370,MT_033,96,2.477121594752213,3.136329775200483
370,MT_034,96,2.123466570506109,2.7750805923132864
370,MT_035,96,11.902456534618649,19.549143583622257
370,MT_036,96,3.924390070785831,6.218593985529365
370,MT_037,96,6.1269887651188695,8.047914221032112
370,MT_038,96,10.539909717300159,13.524866600540534
370,MT_039,96,5.161589871132423,6.832184500318958
370,MT_040,96,7.188668157373159,9.592839723687804
370,MT_041,96,7.84837852463579,9.413473593514487
370,MT_042,96,4.123678609634138,5.405958562219726
370,MT_043,96,212.57619447419157,274.9658445947736
370,MT_044,96,3.857324484064384,5.161032717714817
370,MT_045,96,12.786094637086558,17.98180685520789
370,MT_046,96,13.159767640145532,16.494875908444047
370,MT_047,96,2.72596192612486,3.590245146159026
370,MT_048,96,1.7793350566094759,2.2289586906178007
370,MT_049,96,89.66080972422704,103.13482859343006
370,MT_050,96,20.687445462669185,26.954104211934318
370,MT_051,96,5.2776826069932286,6.634972678445238
370,MT_052,96,4.288672646622596,5.716320775979143
370,MT_053,96,6.78900827270743,8.997965510673449
370,MT_054,96,4.534796748420509,6.081882947490461
370,MT_055,96,1.9189475852377427,2.557081550984723
370,MT_056,96,2.957019893520465,4.003707763640218
370,MT_057,96,5.467148845182911,7.265237858241753
370,MT_058,96,7.41504494550114,9.76185525883435
370,MT_059,96,20.349602818105325,24.41745410753858
370,MT_060,96,2.647479000388476,3.5589468664136548
370,MT_061,96,7.440248601863554,9.43758772159723
370,MT_062,96,4.187045300649899,5.893697414429005
370,MT_063,96,2.9402519963096343,3.960076181799854
370,MT_064,96,137.9994210626323,179.17817751830157
370,MT_065,96,6.617879867553715,8.228656973095998
370,MT_066,96,0.1526919904718821,0.32306604720381804
370,MT_067,96,18.655529432129434,24.973699524810062
370,MT_068,96,19.94253253973649,24.590302505792422
370,MT_069,96,22.71739417993565,26.40632386139785
370,MT_070,96,3.2902020609915543,4.385841184805138
370,MT_071,96,3.767731599008983,5.173290362287284
370,MT_072,96,7.276782105055562,9.674646056384036
370,MT_073,96,3.2810638929916514,4.060496121788061
370,MT_074,96,6.885550261061602,9.070680718903317
370,MT_075,96,3.4576088695532357,4.578613213690081
370,MT_076,96,7.5461627977951515,9.405565164417945
370,MT_077,96,4.873777227803369,6.083861209895212
370,MT_078,96,3.087587313483193,4.399504460913696
370,MT_079,96,3.5742927562140046,4.137511233335804
370,MT_080,96,2.4879267753931043,3.2188219195591286
370,MT_081,96,6.512657223963264,8.672372813576018
370,MT_082,96,2.7661474245463213,3.4517445347877884
370,MT_083,96,5.660017355062983,7.402139364552111
370,MT_084,96,19.94911705994907,25.492332274896587
370,MT_085,96,13.899971985015123,16.681739551965652
370,MT_086,96,39.51741492120846,53.148772635892726
370,MT_087,96,11.43462400857882,14.473785640975784
370,MT_088,96,18.46107601236418,24.579507279729935
370,MT_089,96,35.15220299389416,42.731747190215366
370,MT_090,96,75.37225993277123,102.70389386560517
370,MT_091,96,10.863468543672488,14.267793103345735
370,MT_092,96,5.528201747472906,7.800037507786401
370,MT_093,96,14.461787274646275,29.974345226400033
370,MT_094,96,7.412230313065195,18.89328570908152
370,MT_095,96,6.928587954581793,12.880882706431578
370,MT_096,96,3.3187937611974956,4.709565469549261
370,MT_097,96,24.829158142501303,34.34820736877244
370,MT_098,96,42.789948399547114,72.11733792530278
370,MT_099,96,94.1362829208374,151.51853786415958
370,MT_100,96,2.594578987828259,3.3617960806739022
370,MT_101,96,27.72193940369786,49.90601329664182
370,MT_102,96,208.59933416668093,380.7980151054911
370,MT_103,96,47.27218568661758,76.38707971975508
370,MT_104,96,29.47195740658849,45.69762003156958
370,MT_105,96,22.357176915360622,33.52400146869648
370,MT_106,96,2.3729465584771514,3.2202486767880822
370,MT_107,96,2.7910939181188286,4.00162578245847
370,MT_108,96,1.9273652723638974,2.5774704297268722
370,MT_109,96,9.574507609326801,10.990594246615693
370,MT_110,96,9.429108575117843,16.88438711614188
370,MT_111,96,21.458631122321417,24.102560141453306
370,MT_112,96,6.112181259536844,7.653664419739608
370,MT_113,96,3.9557582788678083,6.004104507836247
370,MT_114,96,41.19440505678295,57.19511530026741
370,MT_115,96,5.186082349452439,6.949994742478361
370,MT_116,96,8.727136250301546,10.000313285870801
370,MT_117,96,3.2924640245583645,4.076339156815151
370,MT_118,96,7.953662273498161,9.83890661394815
370,MT_119,96,20.185129333049698,21.41583755112182
370,MT_120,96,4.363883921201683,6.440062439783588
370,MT_121,96,24.905337094528146,29.233475016127276
370,MT_122,96,8.705228228819434,9.910016452684346
370,MT_123,96,3.2533776754472896,4.265819496707815
370,MT_124,96,57.92453780546905,70.42760585345181
370,MT_125,96,6.365117453930115,8.458806787379281
370,MT_126,96,5.5711360550506654,7.134513024927072
370,MT_127,96,19.988519971301425,26.462234023431904
370,MT_128,96,30.1045803346526,38.06024019889388
370,MT_129,96,5.0459914166310655,6.02881950695106
370,MT_130,96,68.45592178791873,89.34884101061982
370,MT_131,96,69.70987894799973,89.35777964118124
370,MT_132,96,18.21131331738813,27.334628453743267
370,MT_133,96,1.4399224738266614,1.7924722984712984
370,MT_134,96,1.6693897845712555,2.974453686514281
370,MT_135,96,4.349522617237792,9.720005954675761
370,MT_136,96,20.288988812422687,42.47483297899356
370,MT_137,96,9.383745943587137,14.682171475363493
370,MT_138,96,15.232014829244823,18.894505395523836
370,MT_139,96,59.55525898566405,97.86688477923796
370,MT_140,96,4.505244810905707,9.147020055274506
370,MT_141,96,0.3120983094078988,0.47820487987293553
370,MT_142,96,10.614363507327875,12.799993711530652
370,MT_143,96,29.137739728728576,34.03467881642301
370,MT_144,96,5.942714802621928,7.0942833327886445
370,MT_145,96,2.587829816761531,3.0575111214966775
370,MT_146,96,1.9856276240668393,2.9804976295545496
370,MT_147,96,69.88858286539734,106.63006771473957
370,MT_148,96,8.43900316346858,12.951506296188613
370,MT_149,96,2.3705764390602635,3.2205562799017704
370,MT_150,96,0.31607401040271754,0.45114121508014055
370,MT_151,96,15.988346424723353,24.845392616339986
370,MT_152,96,54.21676262267679,68.8708396022861
370,MT_153,96,32.012212928419686,46.91054787950897
370,MT_154,96,2.471612297997693,3.193046327575497
370,MT_155,96,44.76842229454613,57.0658972112908
370,MT_156,96,27.233774295689102,37.703634540079335
370,MT_157,96,352.2110233655009,471.4693931271668
370,MT_158,96,30.742714873397205,38.8757109651818
370,MT_159,96,2.751544531658384,3.5371926730485006
370,MT_160,96,3.005134306096901,5.1498927941227715
370,MT_161,96,229.24153484140402,292.43293837852
370,MT_162,96,134.60048144712343,172.89927125442344
370,MT_163,96,157.96140939152895,213.57327959452743
370,MT_164,96,37.54816020527745,57.25445080269806
370,MT_165,96,3.4324510973989466,4.299654533306529
370,MT_166,96,61.27020715706499,76.05309518770252
370,MT_167,96,5.3569564945744075,7.400526821681464
370,MT_168,96,8.928367077810927,12.402955453602111
370,MT_169,96,1.9177666595644025,2.6489631813491705
370,MT_170,96,4.946077261330953,7.419876604619905
370,MT_171,96,9.52013635755428,12.840089334668743
370,MT_172,96,8.291015531077528,10.938814270158149
370,MT_173,96,3.31193827166868,4.414372300127577
370,MT_174,96,5.427238591560845,7.191916530725599
370,MT_175,96,13.730538865976191,18.488084490128
370,MT_176,96,4.103349006986556,5.753747896483521
370,MT_177,96,11.59888724938125,16.769749408953963
370,MT_178,96,8.870238346643291e-10,1.1818306810262635e-09
370,MT_179,96,5.015417337583879,6.829778724929282
370,MT_180,96,7.18692776565431,10.24518273177184
370,MT_181,96,7.000195474819989,9.418215621325007
370,MT_182,96,3.119780438437486,3.907634097705924
370,MT_183,96,3.2418291122015055,4.449491153906147
370,MT_184,96,4.290690592335196,5.681606182536182
370,MT_185,96,4.465951439467051,5.780883069781432
370,MT_186,96,33.69258203562237,44.809950130880665
370,MT_187,96,3.8098395171225765,4.852394725533006
370,MT_188,96,1.4362531541803414,1.9951862842778254
370,MT_189,96,16.221190696259047,21.007622588434085
370,MT_190,96,13.235262507683847,17.150688888113525
370,MT_191,96,72.95467950285727,94.0334857108543
370,MT_192,96,16.106542163780578,27.061594975377062
370,MT_193,96,12.743803186709984,17.957902753363275
370,MT_194,96,77.69418955657392,91.02043481575801
370,MT_195,96,19.65290659642531,31.83150596505377
370,MT_196,96,846.1205749511668,1090.227991366179
370,MT_197,96,8.526362578928703,10.645297153385997
370,MT_198,96,17.293873247848197,27.74957919099605
370,MT_199,96,10.302447935856838,14.256943415937396
370,MT_200,96,45.826276539706186,64.88315108824555
370,MT_201,96,15.54034422081026,22.887689696157697
370,MT_202,96,10.605717007543003,15.226312968119874
370,MT_203,96,18.501635089997347,24.27225704523423
370,MT_204,96,53.63811314995607,91.40054166537864
370,MT_205,96,40.448267430235425,51.19221684377028
370,MT_206,96,12.500832878755851,17.073615011375637
370,MT_207,96,45.41088447224812,57.04485284653014
370,MT_208,96,217.38082231794104,394.7286511768273
370,MT_209,96,16.151864687601726,23.48882201026267
370,MT_210,96,38.71063244250388,62.53563696057912
370,MT_211,96,11.538727521896362,19.305646186456187
370,MT_212,96,19.64998726142471,34.38379534663929
370,MT_213,96,50.91744974705952,89.22483665655211
370,MT_214,96,14.897553785755285,18.054178459678706
370,MT_215,96,7.458217804248579,9.41084985191165
370,MT_216,96,47.62724002572009,56.39275198535279
370,MT_217,96,10.813647057338995,16.89224350430087
370,MT_218,96,49.236210699868536,64.687709103781
370,MT_219,96,63.070246532399175,112.73632293216832
370,MT_220,96,120.99465953649853,184.7112925227613
370,MT_221,96,8.085197674200026,10.998780913508075
370,MT_222,96,49.41017479366726,74.30268691104074
370,MT_223,96,8.870238346643291e-10,1.1818306810262635e-09
370,MT_224,96,140.02106936542322,183.0191263770241
370,MT_225,96,12.4860990880951,16.313487863763584
370,MT_226,96,32.20462957623397,47.925095153955176
370,MT_227,96,17.047293164468986,23.26230923551684
370,MT_228,96,131.53102192125758,162.51676930504792
370,MT_229,96,30.83122256660738,37.59139720156215
370,MT_230,96,3.7077547677072986,4.772309636843433
370,MT_231,96,32.18191353117132,48.00813168489928
370,MT_232,96,2.6081425876390436,3.2921946161177558
370,MT_233,96,6.288520976779151,8.55025978094609
370,MT_234,96,3.233456884208057,4.309733431805428
370,MT_235,96,26.435703670277377,34.65720177655975
370,MT_236,96,6.25745082545258,9.228596690409079
370,MT_237,96,3.227326244471596,4.596788474727745
370,MT_238,96,19.711284319559734,24.67880525614269
370,MT_239,96,6.032375548557979,8.694281497300802
370,MT_240,96,11.22424160141545,17.24799024883485
370,MT_241,96,146.22764997129116,180.93554321087936
370,MT_242,96,9.149683935386888,11.116161876787725
370,MT_243,96,10.666747728256487,13.59594944356905
370,MT_244,96,7.696402270162946,11.289443641472841
370,MT_245,96,9.587100184283585,12.9281160559735
370,MT_246,96,28.83453518193451,37.637824253477646
370,MT_247,96,20.2357638267753,27.567386136431022
370,MT_248,96,8.313036990086285,9.918235328131448
370,MT_249,96,6.240766990752449,7.464078842728019
370,MT_250,96,4.514442149360849,5.8640323072774025
370,MT_251,96,4.168513012276434,5.8891138340855145
370,MT_252,96,10.485553670270797,14.50195720646776
370,MT_253,96,14.176630890687639,17.33410777472934
370,MT_254,96,15.263076248778583,22.077226947661686
370,MT_255,96,42.00823871444611,90.31598771168701
370,MT_256,96,12.881358148987838,16.376001327374624
370,MT_257,96,9.750112113160878,12.112887816290893
370,MT_258,96,6.199944515834932,7.7157147932201555
370,MT_259,96,7.655780749678833,10.662911290790493
370,MT_260,96,9.368360445385889,13.605255627293344
370,MT_261,96,4.348299152120596,7.035200239922161
370,MT_262,96,8.750722177846244,14.337835313930391
370,MT_263,96,6.576779797904838,9.493881259503356
370,MT_264,96,10.528570717360038,13.93491843797114
370,MT_265,96,10.268013697982704,13.23604927591188
370,MT_266,96,13.268290260925497,18.715021542915245
370,MT_267,96,2.730078409576741,3.5769726472042542
370,MT_268,96,11.681562656659928,15.91534925264704
370,MT_269,96,42.639918490818594,58.77894895043056
370,MT_270,96,6.027105979794136,8.241260670667925
370,MT_271,96,6.526598788900756,8.84667706451537
370,MT_272,96,3.9479033645354136,5.400147673073238
370,MT_273,96,22.59230500346312,29.793981634604407
370,MT_274,96,13.196650696787636,17.234297298428327
370,MT_275,96,4.465466251871504,5.976919429675999
370,MT_276,96,57.69614889440796,76.93995473187762
370,MT_277,96,3.594758359341965,5.036623242103815
370,MT_278,96,2.0113354169886826,2.6257705335081623
370,MT_279,96,858.8846164279481,1301.721951514788
370,MT_280,96,12.273358386239849,19.689023736135088
370,MT_281,96,4.18360490597253,5.938720557503401
370,MT_282,96,4.78693653157342,8.832380077379042
370,MT_283,96,11.72491460708357,15.29138176332842
370,MT_284,96,6.056183073056572,8.01176344197063
370,MT_285,96,3.3406011133710485,5.316218185001224
370,MT_286,96,5.639949618617422,8.622876454036572
370,MT_287,96,8.795854430186132,13.560127993170296
370,MT_288,96,10.709197427621215,13.031357024786622
370,MT_289,96,8.11186395302232,11.205798991669923
370,MT_290,96,30.024497896121346,40.818704447775964
370,MT_291,96,4.8100673202155315,6.630724200889795
370,MT_292,96,18.41341823810379,24.723214993094405
370,MT_293,96,6.461244042459097,9.4566754543302
370,MT_294,96,33.87713894543347,46.55569469723292
370,MT_295,96,18.41073181255752,31.247660797236055
370,MT_296,96,5.030412494082154,8.09659566361202
370,MT_297,96,7.769132329129625,10.587497368669109
370,MT_298,96,59.193845711502746,82.49978978525255
370,MT_299,96,32.53671373930305,44.99838540191773
370,MT_300,96,3.4212529724838134,4.591767353693872
370,MT_301,96,7.246492865074603,11.81419369644175
370,MT_302,96,12.45707328839139,16.63536557274193
370,MT_303,96,5.199256613256149,8.083398460828779
370,MT_304,96,3.7896136906261098,5.584721160749343
370,MT_305,96,4.544392498180623,5.558221182158252
370,MT_306,96,4.582274594864024,7.3378984844529755
370,MT_307,96,42.37696973686541,80.12647003410896
370,MT_308,96,2.929048330980406,4.016142108465278
370,MT_309,96,17.823348759967057,23.81599793896931
370,MT_310,96,38.762731574932396,53.74133922081274
370,MT_311,96,14.232487017006152,18.5843896014976
370,MT_312,96,35.43194076750013,42.60007122468126
370,MT_313,96,7.317517203799724,10.254348910580623
370,MT_314,96,35.90410307552145,50.212927576481704
370,MT_315,96,2.8276511619693916,4.220010843145618
370,MT_316,96,13.631227602455178,17.320831431637338
370,MT_317,96,20.18620357868775,28.33311533922061
370,MT_318,96,6.667222057789837,10.051495176222396
370,MT_319,96,3.673893006351612,5.080053196278327
370,MT_320,96,7.123976258352691,10.837925946109095
370,MT_321,96,5.807128937729515,8.11561664555914
370,MT_322,96,4.474349449712808,6.053474411325361
370,MT_323,96,83.58392338636476,125.72625632403363
370,MT_324,96,16.972031288863324,21.77086552341557
370,MT_325,96,11.996465420151571,16.530781156375905
370,MT_326,96,10.818655688467365,14.363943380522256
370,MT_327,96,26.98780451096906,37.827868715779545
370,MT_328,96,42.117084620910795,59.095724331744655
370,MT_329,96,11.089760322196753,13.755632282749724
370,MT_330,96,3.663193845748902,5.203815175484909
370,MT_331,96,7.512806983641618,11.810765857825233
370,MT_332,96,13.482518179082675,20.316262830167425
370,MT_333,96,6.624315064797298,10.002164924455505
370,MT_334,96,5.427686891888752,7.174824155223845
370,MT_335,96,2.3561495553127734,6.368802988459199
370,MT_336,96,5.494210975376661,7.2135244933450515
370,MT_337,96,20.128659426480848,25.09911951736497
370,MT_338,96,18.248696697738737,25.071073446073306
370,MT_339,96,89.21098292487765,147.2312471699376
370,MT_340,96,12.438369368749926,20.85080562533043
370,MT_341,96,55.761005850022705,100.89992950130838
370,MT_342,96,30.53554611319505,44.395937390860006
370,MT_343,96,10.291166176093894,15.586409363000076
370,MT_344,96,27.17241109177246,44.57829307989206
370,MT_345,96,126.95236573088755,276.31714572115806
370,MT_346,96,21.66825917478019,36.920483199645155
370,MT_347,96,2.124272905622972,3.6571920506966697
370,MT_348,96,8.488604707237263,14.45893937509471
370,MT_349,96,49.7373106796257,77.53694088696938
370,MT_350,96,95.7383697962088,147.36105167658894
370,MT_351,96,145.12406532852745,233.79626980648035
370,MT_352,96,13.437213089696217,18.612023877923992
370,MT_353,96,28.48675069366489,39.16116758537459
370,MT_354,96,21.486967837324816,33.53276377971174
370,MT_355,96,35.76401874149343,73.2635849838621
370,MT_356,96,15.817716333293113,29.722761924605997
370,MT_357,96,164.26851840934353,298.8404403880443
370,MT_358,96,39.601386312599274,54.522374570713275
370,MT_359,96,8.371190034652601,10.604350353719612
370,MT_360,96,38.6852825203834,55.91121304550175
370,MT_361,96,24.835584012548285,38.83995754037222
370,MT_362,96,4959.9185791015625,6042.023441909188
370,MT_363,96,261.25599125836646,401.658480463281
370,MT_364,96,72.72353941021505,102.80793720440799
370,MT_365,96,3.4778972142989137,6.713900649618003
370,MT_366,96,2.8332495049604183,4.394834110662234
370,MT_367,96,35.61880731345407,47.426826538140375
370,MT_368,96,15.067965093956564,19.800599192396387
370,MT_369,96,36.733258636116666,46.68212859949821
370,MT_370,96,1210.2743304828227,1424.5255452755434
