Model,Series_ID,Horizon,MAE,RMSE
Chronos-2,MT_001,96,0.763719958059378,1.182066753110058
Chronos-2,MT_002,96,2.076384058237188,2.8019934119901397
Chronos-2,MT_003,96,0.1569239015065527,0.44314712755681235
Chronos-2,MT_004,96,10.451502126729885,13.288156412745339
Chronos-2,MT_005,96,10.497521201769521,12.678935376003011
Chronos-2,MT_006,96,17.987252980943726,22.999342639935758
Chronos-2,MT_007,96,0.5489248130740777,0.7162939557889584
Chronos-2,MT_008,96,17.490042444565223,21.033413714891047
Chronos-2,MT_009,96,8.151290383650151,9.548305377727699
Chronos-2,MT_010,96,3.8828103506009626,5.1325262362340025
Chronos-2,MT_011,96,3.646959022568396,4.734394847141579
Chronos-2,MT_012,96,12.719548367439417,16.85315050692157
Chronos-2,MT_013,96,11.47507671910535,15.778240633228265
Chronos-2,MT_014,96,4.88145599230075,6.33477120848861
Chronos-2,MT_015,96,4.8202634632751655,6.429150130453827
Chronos-2,MT_016,96,2.4994514402604584,3.2760680664413195
Chronos-2,MT_017,96,4.810091900268545,6.256780239355758
Chronos-2,MT_018,96,33.050079362460934,47.09130925355678
Chronos-2,MT_019,96,0.854645021297226,1.0940546967028155
Chronos-2,MT_020,96,4.321218221110567,5.994065758668886
Chronos-2,MT_021,96,13.74186039719905,17.520749418054745
Chronos-2,MT_022,96,3.9093302225932973,5.307078735835751
Chronos-2,MT_023,96,2.583906525252884,3.297686851179538
Chronos-2,MT_024,96,4.398192893057911,5.847395925703161
Chronos-2,MT_025,96,21.12948778113846,26.92368947434568
Chronos-2,MT_026,96,2.7614003414824917,3.461405014820022
Chronos-2,MT_027,96,2.0510763743641998,2.527457140874555
Chronos-2,MT_028,96,7.075456915737001,9.075810673969364
Chronos-2,MT_029,96,17.591949989441872,25.525726008291176
Chronos-2,MT_030,96,5.4346901297919645,6.974616850324201
Chronos-2,MT_031,96,8.913616724181578,11.845849737085723
Chronos-2,MT_032,96,2.6364548923386204,3.350438292432059
Chronos-2,MT_033,96,2.477121594752213,3.136329775200483
Chronos-2,MT_034,96,2.123466570506109,2.7750805923132864
Chronos-2,MT_035,96,11.902456534618649,19.549143583622257
Chronos-2,MT_036,96,3.924390070785831,6.218593985529365
Chronos-2,MT_037,96,6.1269887651188695,8.047914221032112
Chronos-2,MT_038,96,10.539909717300159,13.524866600540534
Chronos-2,MT_039,96,5.161589871132423,6.832184500318958
Chronos-2,MT_040,96,7.188668157373159,9.592839723687804
Chronos-2,MT_041,96,7.84837852463579,9.413473593514487
Chronos-2,MT_042,96,4.123678609634138,5.405958562219726
Chronos-2,MT_043,96,212.57619447419157,274.9658445947736
Chronos-2,MT_044,96,3.857324484064384,5.161032717714817
Chronos-2,MT_045,96,12.786094637086558,17.98180685520789
Chronos-2,MT_046,96,13.159767640145532,16.494875908444047
Chronos-2,MT_047,96,2.72596192612486,3.590245146159026
Chronos-2,MT_048,96,1.7793350566094759,2.2289586906178007
Chronos-2,MT_049,96,89.66080972422704,103.13482859343006
Chronos-2,MT_050,96,20.687445462669185,26.954104211934318
Chronos-2,MT_051,96,5.2776826069932286,6.634972678445238
Chronos-2,MT_052,96,4.288672646622596,5.716320775979143
Chronos-2,MT_053,96,6.78900827270743,8.997965510673449
Chronos-2,MT_054,96,4.534796748420509,6.081882947490461
Chronos-2,MT_055,96,1.9189475852377427,2.557081550984723
Chronos-2,MT_056,96,2.957019893520465,4.003707763640218
Chronos-2,MT_057,96,5.467148845182911,7.265237858241753
Chronos-2,MT_058,96,7.41504494550114,9.76185525883435
Chronos-2,MT_059,96,20.349602818105325,24.41745410753858
Chronos-2,MT_060,96,2.647479000388476,3.5589468664136548
Chronos-2,MT_061,96,7.440248601863554,9.43758772159723
Chronos-2,MT_062,96,4.187045300649899,5.893697414429005
Chronos-2,MT_063,96,2.9402519963096343,3.960076181799854
Chronos-2,MT_064,96,137.9994210626323,179.17817751830157
Chronos-2,MT_065,96,6.617879867553715,8.228656973095998
Chronos-2,MT_066,96,0.1526919904718821,0.32306604720381804
Chronos-2,MT_067,96,18.655529432129434,24.973699524810062
Chronos-2,MT_068,96,19.94253253973649,24.590302505792422
Chronos-2,MT_069,96,22.71739417993565,26.40632386139785
Chronos-2,MT_070,96,3.2902020609915543,4.385841184805138
Chronos-2,MT_071,96,3.767731599008983,5.173290362287284
Chronos-2,MT_072,96,7.276782105055562,9.674646056384036
Chronos-2,MT_073,96,3.2810638929916514,4.060496121788061
Chronos-2,MT_074,96,6.885550261061602,9.070680718903317
Chronos-2,MT_075,96,3.4576088695532357,4.578613213690081
Chronos-2,MT_076,96,7.5461627977951515,9.405565164417945
Chronos-2,MT_077,96,4.873777227803369,6.083861209895212
Chronos-2,MT_078,96,3.087587313483193,4.399504460913696
Chronos-2,MT_079,96,3.5742927562140046,4.137511233335804
Chronos-2,MT_080,96,2.4879267753931043,3.2188219195591286
Chronos-2,MT_081,96,6.512657223963264,8.672372813576018
Chronos-2,MT_082,96,2.7661474245463213,3.4517445347877884
Chronos-2,MT_083,96,5.660017355062983,7.402139364552111
Chronos-2,MT_084,96,19.94911705994907,25.492332274896587
Chronos-2,MT_085,96,13.899971985015123,16.681739551965652
Chronos-2,MT_086,96,39.51741492120846,53.148772635892726
Chronos-2,MT_087,96,11.43462400857882,14.473785640975784
Chronos-2,MT_088,96,18.46107601236418,24.579507279729935
Chronos-2,MT_089,96,35.15220299389416,42.731747190215366
Chronos-2,MT_090,96,75.37225993277123,102.70389386560517
Chronos-2,MT_091,96,10.863468543672488,14.267793103345735
Chronos-2,MT_092,96,5.528201747472906,7.800037507786401
Chronos-2,MT_093,96,14.461787274646275,29.974345226400033
Chronos-2,MT_094,96,7.412230313065195,18.89328570908152
Chronos-2,MT_095,96,6.928587954581793,12.880882706431578
Chronos-2,MT_096,96,3.3187937611974956,4.709565469549261
Chronos-2,MT_097,96,24.829158142501303,34.34820736877244
Chronos-2,MT_098,96,42.789948399547114,72.11733792530278
Chronos-2,MT_099,96,94.1362829208374,151.51853786415958
Chronos-2,MT_100,96,2.594578987828259,3.3617960806739022
Chronos-2,MT_101,96,27.72193940369786,49.90601329664182
Chronos-2,MT_102,96,208.59933416668093,380.7980151054911
Chronos-2,MT_103,96,47.27218568661758,76.38707971975508
Chronos-2,MT_104,96,29.47195740658849,45.69762003156958
Chronos-2,MT_105,96,22.357176915360622,33.52400146869648
Chronos-2,MT_106,96,2.3729465584771514,3.2202486767880822
Chronos-2,MT_107,96,2.7910939181188286,4.00162578245847
Chronos-2,MT_108,96,1.9273652723638974,2.5774704297268722
Chronos-2,MT_109,96,9.574507609326801,10.990594246615693
Chronos-2,MT_110,96,9.429108575117843,16.88438711614188
Chronos-2,MT_111,96,21.458631122321417,24.102560141453306
Chronos-2,MT_112,96,6.112181259536844,7.653664419739608
Chronos-2,MT_113,96,3.9557582788678083,6.004104507836247
Chronos-2,MT_114,96,41.19440505678295,57.19511530026741
Chronos-2,MT_115,96,5.186082349452439,6.949994742478361
Chronos-2,MT_116,96,8.727136250301546,10.000313285870801
Chronos-2,MT_117,96,3.2924640245583645,4.076339156815151
Chronos-2,MT_118,96,7.953662273498161,9.83890661394815
Chronos-2,MT_119,96,20.185129333049698,21.41583755112182
Chronos-2,MT_120,96,4.363883921201683,6.440062439783588
Chronos-2,MT_121,96,24.905337094528146,29.233475016127276
Chronos-2,MT_122,96,8.705228228819434,9.910016452684346
Chronos-2,MT_123,96,3.2533776754472896,4.265819496707815
Chronos-2,MT_124,96,57.92453780546905,70.42760585345181
Chronos-2,MT_125,96,6.365117453930115,8.458806787379281
Chronos-2,MT_126,96,5.5711360550506654,7.134513024927072
Chronos-2,MT_127,96,19.988519971301425,26.462234023431904
Chronos-2,MT_128,96,30.1045803346526,38.06024019889388
Chronos-2,MT_129,96,5.0459914166310655,6.02881950695106
Chronos-2,MT_130,96,68.45592178791873,89.34884101061982
Chronos-2,MT_131,96,69.70987894799973,89.35777964118124
Chronos-2,MT_132,96,18.21131331738813,27.334628453743267
Chronos-2,MT_133,96,1.4399224738266614,1.7924722984712984
Chronos-2,MT_134,96,1.6693897845712555,2.974453686514281
Chronos-2,MT_135,96,4.349522617237792,9.720005954675761
Chronos-2,MT_136,96,20.288988812422687,42.47483297899356
Chronos-2,MT_137,96,9.383745943587137,14.682171475363493
Chronos-2,MT_138,96,15.232014829244823,18.894505395523836
Chronos-2,MT_139,96,59.55525898566405,97.86688477923796
Chronos-2,MT_140,96,4.505244810905707,9.147020055274506
Chronos-2,MT_141,96,0.3120983094078988,0.47820487987293553
Chronos-2,MT_142,96,10.614363507327875,12.799993711530652
Chronos-2,MT_143,96,29.137739728728576,34.03467881642301
Chronos-2,MT_144,96,5.942714802621928,7.0942833327886445
Chronos-2,MT_145,96,2.587829816761531,3.0575111214966775
Chronos-2,MT_146,96,1.9856276240668393,2.9804976295545496
Chronos-2,MT_147,96,69.88858286539734,106.63006771473957
Chronos-2,MT_148,96,8.43900316346858,12.951506296188613
Chronos-2,MT_149,96,2.3705764390602635,3.2205562799017704
Chronos-2,MT_150,96,0.31607401040271754,0.45114121508014055
Chronos-2,MT_151,96,15.988346424723353,24.845392616339986
Chronos-2,MT_152,96,54.21676262267679,68.8708396022861
Chronos-2,MT_153,96,32.012212928419686,46.91054787950897
Chronos-2,MT_154,96,2.471612297997693,3.193046327575497
Chronos-2,MT_155,96,44.76842229454613,57.0658972112908
Chronos-2,MT_156,96,27.233774295689102,37.703634540079335
Chronos-2,MT_157,96,352.2110233655009,471.4693931271668
Chronos-2,MT_158,96,30.742714873397205,38.8757109651818
Chronos-2,MT_159,96,2.751544531658384,3.5371926730485006
Chronos-2,MT_160,96,3.005134306096901,5.1498927941227715
Chronos-2,MT_161,96,229.24153484140402,292.43293837852
Chronos-2,MT_162,96,134.60048144712343,172.89927125442344
Chronos-2,MT_163,96,157.96140939152895,213.57327959452743
Chronos-2,MT_164,96,37.54816020527745,57.25445080269806
Chronos-2,MT_165,96,3.4324510973989466,4.299654533306529
Chronos-2,MT_166,96,61.27020715706499,76.05309518770252
Chronos-2,MT_167,96,5.3569564945744075,7.400526821681464
Chronos-2,MT_168,96,8.928367077810927,12.402955453602111
Chronos-2,MT_169,96,1.9177666595644025,2.6489631813491705
Chronos-2,MT_170,96,4.946077261330953,7.419876604619905
Chronos-2,MT_171,96,9.52013635755428,12.840089334668743
Chronos-2,MT_172,96,8.291015531077528,10.938814270158149
Chronos-2,MT_173,96,3.31193827166868,4.414372300127577
Chronos-2,MT_174,96,5.427238591560845,7.191916530725599
Chronos-2,MT_175,96,13.730538865976191,18.488084490128
Chronos-2,MT_176,96,4.103349006986556,5.753747896483521
Chronos-2,MT_177,96,11.59888724938125,16.769749408953963
Chronos-2,MT_178,96,8.870238346643291e-10,1.1818306810262635e-09
Chronos-2,MT_179,96,5.015417337583879,6.829778724929282
Chronos-2,MT_180,96,7.18692776565431,10.24518273177184
Chronos-2,MT_181,96,7.000195474819989,9.418215621325007
Chronos-2,MT_182,96,3.119780438437486,3.907634097705924
Chronos-2,MT_183,96,3.2418291122015055,4.449491153906147
Chronos-2,MT_184,96,4.290690592335196,5.681606182536182
Chronos-2,MT_185,96,4.465951439467051,5.780883069781432
Chronos-2,MT_186,96,33.69258203562237,44.809950130880665
Chronos-2,MT_187,96,3.8098395171225765,4.852394725533006
Chronos-2,MT_188,96,1.4362531541803414,1.9951862842778254
Chronos-2,MT_189,96,16.221190696259047,21.007622588434085
Chronos-2,MT_190,96,13.235262507683847,17.150688888113525
Chronos-2,MT_191,96,72.95467950285727,94.0334857108543
Chronos-2,MT_192,96,16.106542163780578,27.061594975377062
Chronos-2,MT_193,96,12.743803186709984,17.957902753363275
Chronos-2,MT_194,96,77.69418955657392,91.02043481575801
Chronos-2,MT_195,96,19.65290659642531,31.83150596505377
Chronos-2,MT_196,96,846.1205749511668,1090.227991366179
Chronos-2,MT_197,96,8.526362578928703,10.645297153385997
Chronos-2,MT_198,96,17.293873247848197,27.74957919099605
Chronos-2,MT_199,96,10.302447935856838,14.256943415937396
Chronos-2,MT_200,96,45.826276539706186,64.88315108824555
Chronos-2,MT_201,96,15.54034422081026,22.887689696157697
Chronos-2,MT_202,96,10.605717007543003,15.226312968119874
Chronos-2,MT_203,96,18.501635089997347,24.27225704523423
Chronos-2,MT_204,96,53.63811314995607,91.40054166537864
Chronos-2,MT_205,96,40.448267430235425,51.19221684377028
Chronos-2,MT_206,96,12.500832878755851,17.073615011375637
Chronos-2,MT_207,96,45.41088447224812,57.04485284653014
Chronos-2,MT_208,96,217.38082231794104,394.7286511768273
Chronos-2,MT_209,96,16.151864687601726,23.48882201026267
Chronos-2,MT_210,96,38.71063244250388,62.53563696057912
Chronos-2,MT_211,96,11.538727521896362,19.305646186456187
Chronos-2,MT_212,96,19.64998726142471,34.38379534663929
Chronos-2,MT_213,96,50.91744974705952,89.22483665655211
Chronos-2,MT_214,96,14.897553785755285,18.054178459678706
Chronos-2,MT_215,96,7.458217804248579,9.41084985191165
Chronos-2,MT_216,96,47.62724002572009,56.39275198535279
Chronos-2,MT_217,96,10.813647057338995,16.89224350430087
Chronos-2,MT_218,96,49.236210699868536,64.687709103781
Chronos-2,MT_219,96,63.070246532399175,112.73632293216832
Chronos-2,MT_220,96,120.99465953649853,184.7112925227613
Chronos-2,MT_221,96,8.085197674200026,10.998780913508075
Chronos-2,MT_222,96,49.41017479366726,74.30268691104074
Chronos-2,MT_223,96,8.870238346643291e-10,1.1818306810262635e-09
Chronos-2,MT_224,96,140.02106936542322,183.0191263770241
Chronos-2,MT_225,96,12.4860990880951,16.313487863763584
Chronos-2,MT_226,96,32.20462957623397,47.925095153955176
Chronos-2,MT_227,96,17.047293164468986,23.26230923551684
Chronos-2,MT_228,96,131.53102192125758,162.51676930504792
Chronos-2,MT_229,96,30.83122256660738,37.59139720156215
Chronos-2,MT_230,96,3.7077547677072986,4.772309636843433
Chronos-2,MT_231,96,32.18191353117132,48.00813168489928
Chronos-2,MT_232,96,2.6081425876390436,3.2921946161177558
Chronos-2,MT_233,96,6.288520976779151,8.55025978094609
Chronos-2,MT_234,96,3.233456884208057,4.309733431805428
Chronos-2,MT_235,96,26.435703670277377,34.65720177655975
Chronos-2,MT_236,96,6.25745082545258,9.228596690409079
Chronos-2,MT_237,96,3.227326244471596,4.596788474727745
Chronos-2,MT_238,96,19.711284319559734,24.67880525614269
Chronos-2,MT_239,96,6.032375548557979,8.694281497300802
Chronos-2,MT_240,96,11.22424160141545,17.24799024883485
Chronos-2,MT_241,96,146.22764997129116,180.93554321087936
Chronos-2,MT_242,96,9.149683935386888,11.116161876787725
Chronos-2,MT_243,96,10.666747728256487,13.59594944356905
Chronos-2,MT_244,96,7.696402270162946,11.289443641472841
Chronos-2,MT_245,96,9.587100184283585,12.9281160559735
Chronos-2,MT_246,96,28.83453518193451,37.637824253477646
Chronos-2,MT_247,96,20.2357638267753,27.567386136431022
Chronos-2,MT_248,96,8.313036990086285,9.918235328131448
Chronos-2,MT_249,96,6.240766990752449,7.464078842728019
Chronos-2,MT_250,96,4.514442149360849,5.8640323072774025
Chronos-2,MT_251,96,4.168513012276434,5.8891138340855145
Chronos-2,MT_252,96,10.485553670270797,14.50195720646776
Chronos-2,MT_253,96,14.176630890687639,17.33410777472934
Chronos-2,MT_254,96,15.263076248778583,22.077226947661686
Chronos-2,MT_255,96,42.00823871444611,90.31598771168701
Chronos-2,MT_256,96,12.881358148987838,16.376001327374624
Chronos-2,MT_257,96,9.750112113160878,12.112887816290893
Chronos-2,MT_258,96,6.199944515834932,7.7157147932201555
Chronos-2,MT_259,96,7.655780749678833,10.662911290790493
Chronos-2,MT_260,96,9.368360445385889,13.605255627293344
Chronos-2,MT_261,96,4.348299152120596,7.035200239922161
Chronos-2,MT_262,96,8.750722177846244,14.337835313930391
Chronos-2,MT_263,96,6.576779797904838,9.493881259503356
Chronos-2,MT_264,96,10.528570717360038,13.93491843797114
Chronos-2,MT_265,96,10.268013697982704,13.23604927591188
Chronos-2,MT_266,96,13.268290260925497,18.715021542915245
Chronos-2,MT_267,96,2.730078409576741,3.5769726472042542
Chronos-2,MT_268,96,11.681562656659928,15.91534925264704
Chronos-2,MT_269,96,42.639918490818594,58.77894895043056
Chronos-2,MT_270,96,6.027105979794136,8.241260670667925
Chronos-2,MT_271,96,6.526598788900756,8.84667706451537
Chronos-2,MT_272,96,3.9479033645354136,5.400147673073238
Chronos-2,MT_273,96,22.59230500346312,29.793981634604407
Chronos-2,MT_274,96,13.196650696787636,17.234297298428327
Chronos-2,MT_275,96,4.465466251871504,5.976919429675999
Chronos-2,MT_276,96,57.69614889440796,76.93995473187762
Chronos-2,MT_277,96,3.594758359341965,5.036623242103815
Chronos-2,MT_278,96,2.0113354169886826,2.6257705335081623
Chronos-2,MT_279,96,858.8846164279481,1301.721951514788
Chronos-2,MT_280,96,12.273358386239849,19.689023736135088
Chronos-2,MT_281,96,4.18360490597253,5.938720557503401
Chronos-2,MT_282,96,4.78693653157342,8.832380077379042
Chronos-2,MT_283,96,11.72491460708357,15.29138176332842
Chronos-2,MT_284,96,6.056183073056572,8.01176344197063
Chronos-2,MT_285,96,3.3406011133710485,5.316218185001224
Chronos-2,MT_286,96,5.639949618617422,8.622876454036572
Chronos-2,MT_287,96,8.795854430186132,13.560127993170296
Chronos-2,MT_288,96,10.709197427621215,13.031357024786622
Chronos-2,MT_289,96,8.11186395302232,11.205798991669923
Chronos-2,MT_290,96,30.024497896121346,40.818704447775964
Chronos-2,MT_291,96,4.8100673202155315,6.630724200889795
Chronos-2,MT_292,96,18.41341823810379,24.723214993094405
Chronos-2,MT_293,96,6.461244042459097,9.4566754543302
Chronos-2,MT_294,96,33.87713894543347,46.55569469723292
Chronos-2,MT_295,96,18.41073181255752,31.247660797236055
Chronos-2,MT_296,96,5.030412494082154,8.09659566361202
Chronos-2,MT_297,96,7.769132329129625,10.587497368669109
Chronos-2,MT_298,96,59.193845711502746,82.49978978525255
Chronos-2,MT_299,96,32.53671373930305,44.99838540191773
Chronos-2,MT_300,96,3.4212529724838134,4.591767353693872
Chronos-2,MT_301,96,7.246492865074603,11.81419369644175
Chronos-2,MT_302,96,12.45707328839139,16.63536557274193
Chronos-2,MT_303,96,5.199256613256149,8.083398460828779
Chronos-2,MT_304,96,3.7896136906261098,5.584721160749343
Chronos-2,MT_305,96,4.544392498180623,5.558221182158252
Chronos-2,MT_306,96,4.582274594864024,7.3378984844529755
Chronos-2,MT_307,96,42.37696973686541,80.12647003410896
Chronos-2,MT_308,96,2.929048330980406,4.016142108465278
Chronos-2,MT_309,96,17.823348759967057,23.81599793896931
Chronos-2,MT_310,96,38.762731574932396,53.74133922081274
Chronos-2,MT_311,96,14.232487017006152,18.5843896014976
Chronos-2,MT_312,96,35.43194076750013,42.60007122468126
Chronos-2,MT_313,96,7.317517203799724,10.254348910580623
Chronos-2,MT_314,96,35.90410307552145,50.212927576481704
Chronos-2,MT_315,96,2.8276511619693916,4.220010843145618
Chronos-2,MT_316,96,13.631227602455178,17.320831431637338
Chronos-2,MT_317,96,20.18620357868775,28.33311533922061
Chronos-2,MT_318,96,6.667222057789837,10.051495176222396
Chronos-2,MT_319,96,3.673893006351612,5.080053196278327
Chronos-2,MT_320,96,7.123976258352691,10.837925946109095
Chronos-2,MT_321,96,5.807128937729515,8.11561664555914
Chronos-2,MT_322,96,4.474349449712808,6.053474411325361
Chronos-2,MT_323,96,83.58392338636476,125.72625632403363
Chronos-2,MT_324,96,16.972031288863324,21.77086552341557
Chronos-2,MT_325,96,11.996465420151571,16.530781156375905
Chronos-2,MT_326,96,10.818655688467365,14.363943380522256
Chronos-2,MT_327,96,26.98780451096906,37.827868715779545
Chronos-2,MT_328,96,42.117084620910795,59.095724331744655
Chronos-2,MT_329,96,11.089760322196753,13.755632282749724
Chronos-2,MT_330,96,3.663193845748902,5.203815175484909
Chronos-2,MT_331,96,7.512806983641618,11.810765857825233
Chronos-2,MT_332,96,13.482518179082675,20.316262830167425
Chronos-2,MT_333,96,6.624315064797298,10.002164924455505
Chronos-2,MT_334,96,5.427686891888752,7.174824155223845
Chronos-2,MT_335,96,2.3561495553127734,6.368802988459199
Chronos-2,MT_336,96,5.494210975376661,7.2135244933450515
Chronos-2,MT_337,96,20.128659426480848,25.09911951736497
Chronos-2,MT_338,96,18.248696697738737,25.071073446073306
Chronos-2,MT_339,96,89.21098292487765,147.2312471699376
Chronos-2,MT_340,96,12.438369368749926,20.85080562533043
Chronos-2,MT_341,96,55.761005850022705,100.89992950130838
Chronos-2,MT_342,96,30.53554611319505,44.395937390860006
Chronos-2,MT_343,96,10.291166176093894,15.586409363000076
Chronos-2,MT_344,96,27.17241109177246,44.57829307989206
Chronos-2,MT_345,96,126.95236573088755,276.31714572115806
Chronos-2,MT_346,96,21.66825917478019,36.920483199645155
Chronos-2,MT_347,96,2.124272905622972,3.6571920506966697
Chronos-2,MT_348,96,8.488604707237263,14.45893937509471
Chronos-2,MT_349,96,49.7373106796257,77.53694088696938
Chronos-2,MT_350,96,95.7383697962088,147.36105167658894
Chronos-2,MT_351,96,145.12406532852745,233.79626980648035
Chronos-2,MT_352,96,13.437213089696217,18.612023877923992
Chronos-2,MT_353,96,28.48675069366489,39.16116758537459
Chronos-2,MT_354,96,21.486967837324816,33.53276377971174
Chronos-2,MT_355,96,35.76401874149343,73.2635849838621
Chronos-2,MT_356,96,15.817716333293113,29.722761924605997
Chronos-2,MT_357,96,164.26851840934353,298.8404403880443
Chronos-2,MT_358,96,39.601386312599274,54.522374570713275
Chronos-2,MT_359,96,8.371190034652601,10.604350353719612
Chronos-2,MT_360,96,38.6852825203834,55.91121304550175
Chronos-2,MT_361,96,24.835584012548285,38.83995754037222
Chronos-2,MT_362,96,4959.9185791015625,6042.023441909188
Chronos-2,MT_363,96,261.25599125836646,401.658480463281
Chronos-2,MT_364,96,72.72353941021505,102.80793720440799
Chronos-2,MT_365,96,3.4778972142989137,6.713900649618003
Chronos-2,MT_366,96,2.8332495049604183,4.394834110662234
Chronos-2,MT_367,96,35.61880731345407,47.426826538140375
Chronos-2,MT_368,96,15.067965093956564,19.800599192396387
Chronos-2,MT_369,96,36.733258636116666,46.68212859949821
Chronos-2,MT_370,96,1210.2743304828227,1424.5255452755434
